Id,Answer
WI8o3F,"[1, 4, 2, 3]"
Ae7zLm,"[4, 1, 2, 3]"
4QSIII,"[2, 4, 1, 3]"
k7h4gt,"[2, 3, 4, 1]"
ZtTwCx,"[1, 3, 2, 4]"
wlUSPq,"[4, 1, 2, 3]"
p7nwf6,"[3, 4, 2, 1]"
3pSryY,"[2, 1, 3, 4]"
Alriqb,"[3, 1, 4, 2]"
VKm3aD,"[3, 4, 1, 2]"
efbPzU,"[1, 3, 2, 4]"
jJSSVk,"[2, 3, 4, 1]"
BlORaj,"[1, 3, 4, 2]"
Nwxtir,"[3, 1, 2, 4]"
qZNmn0,"[2, 3, 1, 4]"
13IHy1,"[2, 1, 3, 4]"
RkWmtR,"[1, 4, 2, 3]"
bcJwiN,"[2, 3, 1, 4]"
rrspy3,"[3, 4, 1, 2]"
zgpRfv,"[1, 2, 3, 4]"
qkV9uG,"[2, 3, 1, 4]"
DAiE7M,"[1, 2, 4, 3]"
JJL61v,"[3, 2, 1, 4]"
XBy4YM,"[2, 4, 3, 1]"
Q9XTiO,"[1, 4, 3, 2]"
yAwmc0,"[4, 2, 3, 1]"
gjHHbc,"[2, 3, 1, 4]"
6T4ZkA,"[2, 4, 3, 1]"
6WWJtt,"[2, 3, 4, 1]"
h2BeGj,"[1, 2, 4, 3]"
rqzWxL,"[4, 3, 1, 2]"
60xSUz,"[4, 2, 1, 3]"
B39anE,"[3, 4, 2, 1]"
0NQuGQ,"[2, 1, 3, 4]"
wXasLQ,"[2, 1, 4, 3]"
bBjheF,"[1, 4, 3, 2]"
O2oJFY,"[1, 4, 2, 3]"
qkSjok,"[4, 3, 2, 1]"
yUGgq3,"[4, 3, 1, 2]"
jNzIVt,"[2, 1, 4, 3]"
DSP7Xa,"[1, 4, 2, 3]"
doVteE,"[4, 3, 1, 2]"
60Ggwj,"[4, 3, 2, 1]"
YiFZoL,"[3, 4, 2, 1]"
B73gFN,"[1, 2, 3, 4]"
OPEuBo,"[2, 1, 3, 4]"
2Dhhti,"[3, 1, 2, 4]"
J2OzNp,"[4, 2, 3, 1]"
WNlfM8,"[4, 3, 1, 2]"
nlBOeB,"[2, 4, 3, 1]"
tcFm2R,"[2, 4, 1, 3]"
wTnEOc,"[1, 2, 3, 4]"
zjFnbl,"[3, 2, 4, 1]"
15ntwe,"[1, 2, 3, 4]"
l4y7jj,"[3, 4, 1, 2]"
rlNPMl,"[2, 1, 4, 3]"
vB7BLB,"[2, 1, 3, 4]"
NtBt60,"[3, 2, 1, 4]"
E2pFNm,"[2, 3, 4, 1]"
OzmlrQ,"[1, 3, 4, 2]"
BEGQP7,"[1, 2, 3, 4]"
DEYtaq,"[3, 2, 4, 1]"
XRrjsi,"[3, 4, 1, 2]"
A2ihgQ,"[3, 4, 1, 2]"
E6H0jS,"[1, 2, 3, 4]"
TcX8RT,"[3, 2, 4, 1]"
149lUx,"[1, 2, 4, 3]"
nnzGGE,"[1, 2, 4, 3]"
zAWJ1G,"[1, 4, 3, 2]"
cyA948,"[1, 4, 2, 3]"
Xu8yMH,"[2, 1, 3, 4]"
S0aQeA,"[4, 3, 1, 2]"
9Gq8RD,"[2, 1, 4, 3]"
yAWSfv,"[2, 4, 3, 1]"
vYc8go,"[1, 3, 4, 2]"
5yJlPq,"[3, 2, 4, 1]"
0txu1H,"[2, 4, 1, 3]"
AiyCxG,"[4, 2, 1, 3]"
tnDaE6,"[3, 4, 2, 1]"
UvHIVk,"[2, 3, 4, 1]"
XGuH3q,"[2, 3, 1, 4]"
tEjoIA,"[3, 4, 2, 1]"
fdwlot,"[1, 3, 4, 2]"
vN8DEE,"[4, 2, 1, 3]"
XW22EA,"[3, 4, 1, 2]"
azZtps,"[3, 1, 4, 2]"
iCAOJa,"[1, 3, 4, 2]"
SvmYxN,"[2, 4, 3, 1]"
DOlsHX,"[2, 4, 1, 3]"
gPjx97,"[4, 3, 1, 2]"
da2MIM,"[4, 1, 2, 3]"
22ez77,"[1, 4, 3, 2]"
b3CnWj,"[2, 4, 1, 3]"
Sqlc0B,"[1, 2, 3, 4]"
GQ4LEz,"[2, 4, 1, 3]"
8fECuw,"[4, 3, 2, 1]"
NyUTFe,"[4, 3, 2, 1]"
dZW0Kq,"[4, 2, 3, 1]"
AFUvD4,"[3, 4, 1, 2]"
FxIaK3,"[4, 1, 2, 3]"
5BXRWU,"[3, 4, 2, 1]"
75Z57K,"[1, 2, 4, 3]"
IJdmQ6,"[1, 4, 2, 3]"
KUAJzo,"[2, 3, 1, 4]"
m0WLBa,"[2, 3, 1, 4]"
k3FK79,"[4, 2, 3, 1]"
T7pEiG,"[3, 1, 2, 4]"
L7aCs0,"[2, 1, 3, 4]"
VWVBdW,"[3, 1, 4, 2]"
0AezL1,"[4, 2, 3, 1]"
BI9Eky,"[1, 2, 3, 4]"
JwI2O1,"[2, 1, 4, 3]"
9fwwT6,"[4, 2, 3, 1]"
v8OJ1q,"[1, 2, 3, 4]"
xBt8lj,"[2, 1, 4, 3]"
gDm9Ns,"[1, 4, 3, 2]"
enJCzv,"[3, 4, 1, 2]"
eHIceq,"[3, 4, 2, 1]"
qy92Ty,"[2, 3, 4, 1]"
N4ZIyX,"[4, 2, 1, 3]"
QDrFr4,"[1, 4, 3, 2]"
ibH32f,"[2, 1, 3, 4]"
fyfDKg,"[4, 2, 3, 1]"
ryRBAt,"[2, 3, 4, 1]"
NGEcEv,"[1, 4, 3, 2]"
8WEGwa,"[1, 3, 4, 2]"
ngmAzx,"[3, 4, 1, 2]"
lmOtxf,"[2, 3, 1, 4]"
23d8fA,"[3, 2, 4, 1]"
PI0e5U,"[2, 4, 3, 1]"
mVQwC7,"[4, 1, 2, 3]"
RqhQq7,"[1, 2, 4, 3]"
aTrFXQ,"[1, 2, 3, 4]"
ApcgPb,"[2, 4, 1, 3]"
UwdDWd,"[2, 3, 4, 1]"
7x8CQN,"[2, 1, 3, 4]"
3nNvh9,"[4, 1, 3, 2]"
psRQ5g,"[2, 1, 3, 4]"
bJTQKa,"[2, 3, 1, 4]"
a90lEu,"[3, 4, 2, 1]"
Frw3f6,"[3, 4, 2, 1]"
CYVEDi,"[1, 3, 2, 4]"
ZqpKSa,"[1, 4, 3, 2]"
uQE4mF,"[1, 4, 2, 3]"
PKzW8z,"[2, 3, 1, 4]"
yiYiRW,"[2, 4, 1, 3]"
ItaJ4O,"[1, 2, 4, 3]"
f7JwiT,"[2, 1, 4, 3]"
Q2RhE0,"[1, 4, 3, 2]"
S0cFZA,"[1, 2, 3, 4]"
IDP7Oc,"[3, 4, 1, 2]"
Pnb4Ci,"[3, 1, 2, 4]"
C5fiYo,"[2, 1, 4, 3]"
bK9Hfa,"[1, 2, 4, 3]"
G9Rbhf,"[3, 4, 2, 1]"
8xl3eH,"[1, 4, 2, 3]"
ASCWOI,"[3, 2, 1, 4]"
bhC2Jx,"[2, 1, 3, 4]"
RifI6f,"[4, 2, 3, 1]"
6KzA2L,"[3, 1, 4, 2]"
vGBzeo,"[4, 2, 1, 3]"
K6UGYA,"[1, 3, 4, 2]"
HxH6iO,"[1, 2, 4, 3]"
MNpR1e,"[2, 3, 4, 1]"
kMO5fC,"[2, 1, 3, 4]"
tCTz3r,"[3, 1, 4, 2]"
OvWPbR,"[4, 3, 2, 1]"
HFB3rj,"[1, 3, 2, 4]"
1Vk7eD,"[4, 2, 1, 3]"
ipvuxh,"[4, 1, 3, 2]"
WMzdLD,"[2, 1, 3, 4]"
At6xwk,"[4, 3, 1, 2]"
FQjuPo,"[1, 2, 4, 3]"
RZU38v,"[4, 3, 2, 1]"
zIRhAf,"[4, 1, 3, 2]"
nzLplh,"[2, 1, 4, 3]"
3avnfp,"[3, 4, 2, 1]"
9sLkGY,"[1, 3, 4, 2]"
6vIK5i,"[1, 2, 3, 4]"
eWhkQO,"[1, 3, 2, 4]"
2ZfP0k,"[2, 3, 4, 1]"
VK8y9L,"[2, 1, 4, 3]"
HXeI8w,"[1, 3, 2, 4]"
hnI3NX,"[3, 4, 1, 2]"
DM56Di,"[4, 3, 1, 2]"
5IemZK,"[1, 2, 4, 3]"
4K5pV1,"[1, 3, 4, 2]"
cowNGM,"[1, 3, 2, 4]"
10aJKj,"[1, 2, 3, 4]"
pqDB4L,"[2, 3, 1, 4]"
WRFdlJ,"[4, 2, 1, 3]"
AK9RS5,"[3, 1, 2, 4]"
vVpiAn,"[3, 2, 4, 1]"
Sy79Vu,"[2, 4, 1, 3]"
fsVkTT,"[2, 4, 3, 1]"
2IL2RO,"[2, 3, 1, 4]"
S3E8Td,"[3, 4, 1, 2]"
P4wJOy,"[2, 4, 1, 3]"
PvMZw9,"[1, 3, 4, 2]"
5Pu7eF,"[1, 3, 4, 2]"
FLm0OM,"[1, 3, 4, 2]"
VAhS2V,"[3, 2, 4, 1]"
4xk66H,"[1, 4, 2, 3]"
xa8KF5,"[2, 3, 1, 4]"
lPGKJD,"[3, 2, 1, 4]"
VxM3yH,"[1, 2, 3, 4]"
Q8AcuC,"[3, 4, 1, 2]"
PbgyPR,"[4, 3, 2, 1]"
MCI2id,"[2, 3, 1, 4]"
neLENZ,"[4, 1, 2, 3]"
iC5t6Y,"[1, 4, 2, 3]"
0a9FIt,"[1, 2, 3, 4]"
MHsw72,"[4, 3, 1, 2]"
ScGQ3h,"[4, 1, 3, 2]"
1CPRWc,"[3, 1, 2, 4]"
YZuSuG,"[3, 4, 2, 1]"
74rmTZ,"[4, 1, 3, 2]"
9ImWhU,"[3, 1, 4, 2]"
lviqqX,"[2, 3, 4, 1]"
NqLfpK,"[1, 3, 2, 4]"
l52q4w,"[4, 2, 3, 1]"
5gnTuG,"[1, 2, 4, 3]"
HwXvor,"[1, 2, 4, 3]"
XOdJXa,"[1, 4, 2, 3]"
zx0vvI,"[2, 3, 1, 4]"
ko74ge,"[4, 3, 2, 1]"
aCoBDe,"[4, 2, 1, 3]"
A5gFPq,"[3, 1, 2, 4]"
Odqs9J,"[2, 1, 3, 4]"
No4L4n,"[3, 4, 2, 1]"
1Rm6xE,"[3, 2, 4, 1]"
aHcW5I,"[1, 4, 3, 2]"
cvE5D8,"[2, 4, 3, 1]"
g3vDEq,"[3, 4, 1, 2]"
ALfz6z,"[3, 2, 4, 1]"
PmktA8,"[1, 4, 3, 2]"
uZjQQI,"[4, 3, 1, 2]"
5zb7Ro,"[1, 2, 4, 3]"
jgGdOF,"[4, 3, 1, 2]"
8HQUl8,"[4, 1, 3, 2]"
Imn9yG,"[2, 1, 4, 3]"
fZmPUH,"[1, 3, 2, 4]"
yvDfXh,"[4, 3, 2, 1]"
P1zBxy,"[2, 3, 1, 4]"
PsGYvP,"[4, 1, 2, 3]"
tXkDkD,"[1, 2, 3, 4]"
LtR74Q,"[1, 3, 2, 4]"
79TdaG,"[4, 1, 2, 3]"
KuBxop,"[4, 2, 1, 3]"
deMx2l,"[1, 2, 4, 3]"
b3nayk,"[3, 1, 2, 4]"
nJGawl,"[2, 4, 1, 3]"
ldfemM,"[3, 1, 4, 2]"
6fko8F,"[1, 2, 4, 3]"
yRN9JF,"[1, 4, 2, 3]"
kb6PX7,"[2, 3, 4, 1]"
6sLcQZ,"[1, 2, 3, 4]"
uyWtdf,"[4, 1, 3, 2]"
72JETK,"[1, 2, 3, 4]"
KJZBsJ,"[2, 1, 3, 4]"
JoWj7P,"[3, 2, 1, 4]"
hHJkXc,"[3, 1, 4, 2]"
23YSXP,"[3, 4, 2, 1]"
56gtZd,"[2, 1, 3, 4]"
KHpPUv,"[3, 1, 2, 4]"
lqPKEe,"[2, 1, 3, 4]"
tTOg1O,"[2, 3, 4, 1]"
rZZj6G,"[4, 2, 3, 1]"
p9M3En,"[4, 1, 2, 3]"
cieCUR,"[4, 1, 3, 2]"
XN8XTY,"[1, 3, 2, 4]"
ZAc3al,"[1, 2, 4, 3]"
PnykTd,"[3, 1, 4, 2]"
FrNHna,"[4, 1, 2, 3]"
ih9BT7,"[2, 4, 3, 1]"
cqM3RD,"[2, 3, 1, 4]"
k5zwWI,"[4, 3, 2, 1]"
gdVqg4,"[1, 3, 2, 4]"
o0kimD,"[3, 2, 1, 4]"
1ywjl3,"[3, 2, 4, 1]"
YSPJJW,"[2, 3, 4, 1]"
MyfgkI,"[1, 3, 2, 4]"
pJETr3,"[4, 1, 2, 3]"
6ESbXY,"[2, 3, 4, 1]"
yqWbVb,"[1, 2, 3, 4]"
UqBd8m,"[2, 4, 3, 1]"
EIzKAQ,"[4, 3, 1, 2]"
68VVFd,"[2, 4, 1, 3]"
ikamSu,"[1, 2, 4, 3]"
bvzEsD,"[3, 2, 4, 1]"
rBuAQi,"[1, 2, 4, 3]"
2sqUTP,"[1, 2, 4, 3]"
BECRdM,"[1, 4, 3, 2]"
pR1lov,"[3, 1, 4, 2]"
gv6DET,"[1, 2, 4, 3]"
l8zz9E,"[2, 4, 3, 1]"
ZqYgqY,"[1, 4, 3, 2]"
cQOmJj,"[4, 3, 2, 1]"
GtqaBx,"[1, 3, 4, 2]"
7MnPtt,"[4, 2, 1, 3]"
BHuxgS,"[1, 2, 3, 4]"
58pIub,"[1, 3, 4, 2]"
2U6s7V,"[3, 1, 2, 4]"
yx3vew,"[1, 4, 3, 2]"
dlc4bj,"[4, 3, 1, 2]"
mi92Px,"[4, 1, 2, 3]"
CWj5q0,"[4, 2, 3, 1]"
7ozDsy,"[2, 1, 3, 4]"
vbybPn,"[1, 2, 4, 3]"
VKd5q4,"[3, 2, 4, 1]"
Ah72iP,"[3, 4, 2, 1]"
zVUWuP,"[1, 3, 2, 4]"
fLAtjA,"[1, 2, 3, 4]"
oQ3tXb,"[2, 3, 4, 1]"
JnMKGT,"[2, 1, 4, 3]"
TywXp9,"[2, 3, 4, 1]"
Sl4f9t,"[2, 4, 3, 1]"
Q1C4B8,"[2, 3, 1, 4]"
YPBG8e,"[1, 3, 2, 4]"
XqzStG,"[1, 2, 4, 3]"
m2yZRN,"[2, 4, 1, 3]"
CbgVj3,"[1, 2, 4, 3]"
SJjEDc,"[2, 4, 3, 1]"
zftnD9,"[2, 4, 1, 3]"
dfeGHU,"[3, 4, 2, 1]"
YtHlYo,"[1, 2, 3, 4]"
4cxe0W,"[3, 1, 2, 4]"
8L7TfG,"[3, 1, 2, 4]"
fqJInE,"[3, 1, 4, 2]"
b44PjE,"[3, 4, 2, 1]"
dbMIsL,"[4, 1, 2, 3]"
7MeCko,"[3, 1, 2, 4]"
cOknnY,"[2, 4, 1, 3]"
RU4wSG,"[1, 2, 4, 3]"
Z8J8Uk,"[1, 4, 2, 3]"
5cgTgz,"[2, 1, 4, 3]"
nALyDx,"[2, 3, 4, 1]"
RkBgHm,"[2, 1, 3, 4]"
khj1uc,"[3, 2, 1, 4]"
VWdZB7,"[3, 4, 1, 2]"
D3bgXS,"[3, 1, 2, 4]"
tF6VNu,"[3, 4, 2, 1]"
1pCMCL,"[3, 2, 4, 1]"
q9He2q,"[4, 2, 3, 1]"
XFNFS2,"[3, 2, 4, 1]"
YqNLEj,"[1, 2, 3, 4]"
PbTFue,"[3, 1, 2, 4]"
Q5tsaU,"[2, 4, 1, 3]"
7QxQMw,"[3, 1, 2, 4]"
BfquZq,"[4, 2, 3, 1]"
WYKQ6J,"[2, 1, 4, 3]"
9uf8Mn,"[4, 1, 3, 2]"
IcMrqa,"[1, 4, 2, 3]"
0LD87d,"[4, 1, 3, 2]"
nXIQ7U,"[1, 3, 2, 4]"
Xk1RJ7,"[4, 2, 3, 1]"
X9G8Qr,"[1, 4, 2, 3]"
Xd2THk,"[3, 4, 2, 1]"
tsTiss,"[4, 3, 1, 2]"
xhhhpg,"[1, 4, 3, 2]"
QXoo96,"[2, 1, 4, 3]"
8K3UvY,"[4, 1, 2, 3]"
GaMkxc,"[4, 2, 1, 3]"
fTwwl1,"[2, 3, 1, 4]"
jXyZQN,"[2, 1, 4, 3]"
Gk8nrS,"[2, 1, 3, 4]"
g53WWR,"[2, 4, 3, 1]"
ybGJDQ,"[2, 1, 4, 3]"
8luakr,"[3, 4, 1, 2]"
0Xx9Fy,"[4, 2, 1, 3]"
iFBorU,"[2, 4, 1, 3]"
KYUBdM,"[1, 4, 3, 2]"
qzdzUs,"[1, 2, 4, 3]"
8oGcaE,"[3, 1, 2, 4]"
Blr4jF,"[1, 3, 2, 4]"
N9kNUd,"[1, 3, 4, 2]"
Ev7aBz,"[4, 3, 2, 1]"
w4j3St,"[1, 2, 4, 3]"
EmUT27,"[3, 4, 1, 2]"
peQe6S,"[3, 2, 1, 4]"
l89v4Z,"[4, 3, 1, 2]"
wrwRzC,"[1, 3, 4, 2]"
p9sMWs,"[2, 3, 1, 4]"
woCNou,"[2, 3, 4, 1]"
0mXRr8,"[4, 2, 3, 1]"
OgtnmS,"[3, 1, 2, 4]"
BYj7Lq,"[4, 2, 1, 3]"
caEr5P,"[2, 1, 3, 4]"
4L1L0O,"[1, 2, 3, 4]"
mBDCs9,"[4, 3, 2, 1]"
3A7IVR,"[3, 2, 4, 1]"
AajU8e,"[4, 2, 1, 3]"
706QNR,"[2, 1, 4, 3]"
29f8H7,"[3, 1, 4, 2]"
NcX9Gr,"[3, 4, 1, 2]"
HPk5qW,"[2, 3, 4, 1]"
bUrEOo,"[1, 2, 3, 4]"
Ui6d91,"[4, 1, 3, 2]"
pVJTEs,"[4, 2, 3, 1]"
PIcWhY,"[4, 2, 3, 1]"
Xl0Pjo,"[2, 1, 4, 3]"
FOraJM,"[3, 4, 1, 2]"
uAVQ46,"[3, 1, 4, 2]"
TTY0iR,"[2, 4, 3, 1]"
H4LYDN,"[1, 4, 3, 2]"
erLUvZ,"[2, 1, 4, 3]"
6z5bps,"[4, 3, 2, 1]"
tRqDPl,"[1, 2, 4, 3]"
ZxXDAZ,"[1, 3, 2, 4]"
wUBLcm,"[4, 3, 1, 2]"
ZYwidU,"[4, 2, 3, 1]"
wVunKR,"[4, 3, 1, 2]"
RySoAi,"[4, 2, 3, 1]"
B4wiu7,"[2, 4, 3, 1]"
myJ5XO,"[3, 2, 1, 4]"
PdQMSG,"[3, 2, 1, 4]"
jXEr8N,"[1, 3, 2, 4]"
CU8Z16,"[2, 1, 4, 3]"
cQ1lCT,"[4, 2, 1, 3]"
iNpNbi,"[1, 3, 2, 4]"
Qv2g53,"[3, 2, 4, 1]"
eEcInl,"[2, 4, 1, 3]"
mlLUiS,"[2, 1, 3, 4]"
r1tyTm,"[3, 2, 4, 1]"
oExNcD,"[2, 4, 3, 1]"
m88W8L,"[4, 2, 1, 3]"
iNU1mS,"[1, 3, 2, 4]"
bkmCpC,"[4, 1, 2, 3]"
3fnRMI,"[4, 1, 3, 2]"
yngW1f,"[3, 2, 1, 4]"
Kzwalc,"[4, 1, 3, 2]"
kDEAsv,"[4, 1, 3, 2]"
JBEkNK,"[4, 1, 2, 3]"
ZXVWcy,"[3, 1, 4, 2]"
1pDHcT,"[2, 4, 3, 1]"
vMVwsj,"[1, 2, 4, 3]"
hUAYQe,"[3, 4, 2, 1]"
0g2TgT,"[3, 2, 4, 1]"
zrwNy9,"[4, 1, 2, 3]"
UohAA6,"[1, 3, 4, 2]"
0EWLYZ,"[4, 2, 3, 1]"
ZkalEo,"[4, 1, 2, 3]"
6BpwFj,"[3, 1, 2, 4]"
mjbEPe,"[1, 4, 2, 3]"
yHzXd8,"[1, 4, 2, 3]"
YbA8BH,"[3, 1, 4, 2]"
vh0wEB,"[3, 1, 4, 2]"
P6SNfA,"[3, 2, 1, 4]"
UpUOs8,"[3, 2, 1, 4]"
BBx1v7,"[4, 2, 3, 1]"
ru6yda,"[1, 3, 4, 2]"
Ms8caK,"[4, 1, 2, 3]"
Fd8sEG,"[4, 3, 2, 1]"
daYiep,"[1, 2, 4, 3]"
KeIexC,"[1, 3, 4, 2]"
Tm4gK9,"[3, 2, 4, 1]"
bCORF4,"[3, 2, 1, 4]"
L5OyYw,"[3, 4, 2, 1]"
FPHh6p,"[1, 2, 4, 3]"
Kk83WO,"[3, 2, 4, 1]"
x7R19Q,"[1, 4, 3, 2]"
Yyef0s,"[2, 1, 4, 3]"
fUOpAZ,"[4, 2, 1, 3]"
LRHWnG,"[3, 1, 4, 2]"
LcVOMS,"[1, 3, 2, 4]"
aPKUZi,"[3, 1, 2, 4]"
SH7OdP,"[1, 3, 4, 2]"
dDEj1t,"[4, 1, 3, 2]"
mvmfF1,"[2, 1, 3, 4]"
oaT8t2,"[1, 4, 2, 3]"
E9O1Yk,"[3, 4, 1, 2]"
4t2iEX,"[1, 3, 4, 2]"
GhVEs0,"[4, 1, 3, 2]"
wit5As,"[1, 3, 2, 4]"
fvarxN,"[4, 2, 1, 3]"
fufIXJ,"[1, 3, 4, 2]"
uq6kpx,"[3, 1, 4, 2]"
S4QoRB,"[2, 3, 1, 4]"
JTQrLc,"[2, 4, 3, 1]"
nrdu1T,"[1, 4, 3, 2]"
dewTHT,"[4, 3, 1, 2]"
VrYJLb,"[2, 4, 3, 1]"
EW7Wqn,"[2, 4, 1, 3]"
XqmQTD,"[3, 1, 4, 2]"
khtCHL,"[3, 2, 1, 4]"
BUSPpU,"[3, 2, 1, 4]"
CzkRiH,"[1, 2, 3, 4]"
kx54E7,"[1, 4, 3, 2]"
NsfjW8,"[3, 2, 1, 4]"
ngGzJY,"[3, 1, 4, 2]"
gUNQkT,"[4, 2, 3, 1]"
HEFM5M,"[4, 3, 1, 2]"
ow9iUu,"[3, 1, 2, 4]"
xSCukT,"[2, 3, 4, 1]"
ccwsKK,"[1, 3, 2, 4]"
NZmzaT,"[2, 1, 4, 3]"
5RjgQ4,"[3, 2, 4, 1]"
lIHEBo,"[2, 4, 1, 3]"
81vkem,"[4, 3, 2, 1]"
iefIZE,"[2, 1, 3, 4]"
PFqCf8,"[3, 2, 4, 1]"
YydAHn,"[3, 4, 2, 1]"
TTkzP5,"[4, 1, 3, 2]"
QhSZbL,"[2, 1, 4, 3]"
9gq4yp,"[3, 2, 4, 1]"
Z9CdGI,"[4, 2, 1, 3]"
9XMfvj,"[4, 1, 3, 2]"
uFjfbY,"[3, 4, 1, 2]"
8CEiq5,"[2, 3, 1, 4]"
tXatfA,"[2, 3, 4, 1]"
Exr4Z3,"[2, 3, 1, 4]"
UY2Brv,"[2, 4, 3, 1]"
fKG1HH,"[4, 1, 3, 2]"
1inXh8,"[1, 2, 4, 3]"
2eRouT,"[2, 1, 4, 3]"
69W7IW,"[2, 3, 1, 4]"
jQVCL7,"[1, 2, 4, 3]"
efus4c,"[4, 3, 2, 1]"
CfH5bx,"[2, 1, 4, 3]"
urEt6l,"[2, 1, 3, 4]"
U0ti2w,"[2, 3, 4, 1]"
xhTETe,"[4, 1, 2, 3]"
8mSzvL,"[4, 3, 1, 2]"
nMFZe4,"[2, 3, 4, 1]"
6Mk6pT,"[4, 3, 1, 2]"
ynzxgr,"[3, 2, 1, 4]"
vIO9v9,"[3, 4, 2, 1]"
3G4J9K,"[4, 3, 1, 2]"
osF5ZB,"[4, 2, 3, 1]"
4DVbFs,"[2, 1, 3, 4]"
jDAJgI,"[3, 4, 2, 1]"
abzkll,"[2, 3, 1, 4]"
aHQjMQ,"[1, 2, 4, 3]"
cE9O87,"[2, 4, 1, 3]"
b8jnoB,"[3, 2, 4, 1]"
iIlX3c,"[3, 2, 1, 4]"
6eLBkp,"[3, 1, 2, 4]"
xhlDes,"[3, 4, 2, 1]"
wDEGbT,"[2, 3, 1, 4]"
a7rmwJ,"[3, 2, 1, 4]"
RzY1Pc,"[1, 3, 2, 4]"
6XzqrF,"[3, 2, 1, 4]"
br97AP,"[2, 1, 4, 3]"
XAkpwE,"[2, 4, 3, 1]"
qc654c,"[3, 4, 1, 2]"
OCAYKz,"[3, 1, 4, 2]"
bwMwde,"[4, 1, 3, 2]"
5yNY2t,"[1, 2, 4, 3]"
151Vxf,"[2, 1, 4, 3]"
W2xWgZ,"[2, 1, 4, 3]"
ZpREGE,"[2, 4, 1, 3]"
72JtZh,"[1, 3, 4, 2]"
EpfspO,"[3, 2, 4, 1]"
ReMk67,"[3, 4, 1, 2]"
Az79Jo,"[4, 3, 2, 1]"
I9f8FF,"[1, 2, 3, 4]"
bXZ1yM,"[3, 2, 1, 4]"
iaxPKk,"[3, 1, 4, 2]"
N7odo1,"[4, 1, 3, 2]"
Foj4vL,"[4, 2, 3, 1]"
oby2AW,"[3, 1, 2, 4]"
2PrMrz,"[1, 2, 3, 4]"
8ERA5k,"[4, 3, 1, 2]"
Ow7NBO,"[1, 2, 4, 3]"
g1MHrL,"[3, 2, 1, 4]"
c5ctVu,"[1, 2, 4, 3]"
00JsLH,"[3, 2, 1, 4]"
uSHAE4,"[2, 4, 1, 3]"
RICmV0,"[1, 3, 4, 2]"
FM1CAt,"[3, 2, 1, 4]"
lOOMKU,"[3, 2, 4, 1]"
EuUSwZ,"[1, 3, 4, 2]"
IsiDy4,"[2, 4, 1, 3]"
N2WKnU,"[3, 2, 1, 4]"
1jpyBZ,"[1, 2, 4, 3]"
DXGh2V,"[3, 4, 1, 2]"
uYabeZ,"[2, 1, 3, 4]"
HmuCFD,"[1, 2, 3, 4]"
0LR8dO,"[1, 3, 2, 4]"
nKYQFc,"[1, 2, 4, 3]"
6WXknn,"[1, 4, 3, 2]"
NE8nHt,"[1, 2, 4, 3]"
gUaeiS,"[4, 1, 3, 2]"
OlMzd1,"[1, 3, 4, 2]"
avKohC,"[3, 2, 4, 1]"
jg8yLv,"[2, 1, 3, 4]"
aRWmaC,"[4, 3, 1, 2]"
Goim1p,"[4, 3, 1, 2]"
Df2j0A,"[1, 3, 2, 4]"
1cCNJf,"[1, 3, 2, 4]"
3qMOng,"[3, 1, 4, 2]"
iizS4w,"[2, 1, 4, 3]"
MTwgjA,"[1, 2, 4, 3]"
SxtlZb,"[3, 1, 2, 4]"
oSqTf9,"[2, 4, 1, 3]"
v75HyW,"[1, 4, 3, 2]"
nUONEs,"[1, 2, 3, 4]"
UKK9oM,"[4, 3, 1, 2]"
l9D5p0,"[2, 3, 4, 1]"
kTp20a,"[1, 2, 3, 4]"
yr2lQd,"[4, 2, 3, 1]"
hNGMqL,"[4, 1, 3, 2]"
heLRt5,"[4, 2, 3, 1]"
VSuOIe,"[2, 3, 4, 1]"
d8oDrG,"[2, 1, 3, 4]"
SzcuXY,"[2, 1, 4, 3]"
9lYoPJ,"[3, 2, 4, 1]"
31aTHd,"[3, 2, 4, 1]"
Rorh1C,"[2, 1, 3, 4]"
SISpK4,"[1, 4, 3, 2]"
CN5mBD,"[2, 3, 4, 1]"
52wjYU,"[2, 4, 3, 1]"
77isrE,"[1, 2, 3, 4]"
GbglTR,"[4, 1, 3, 2]"
Ggrwtr,"[4, 1, 3, 2]"
8gPxs3,"[3, 1, 4, 2]"
GSVtML,"[4, 3, 2, 1]"
NhnYij,"[1, 3, 2, 4]"
Mic0pR,"[2, 1, 4, 3]"
VeHLjj,"[3, 4, 1, 2]"
Xp57x9,"[3, 2, 4, 1]"
8s7LN7,"[1, 3, 4, 2]"
RInevj,"[2, 4, 1, 3]"
clfnYZ,"[4, 2, 1, 3]"
NS5kAJ,"[3, 2, 4, 1]"
oUBpAh,"[3, 1, 4, 2]"
4y52QI,"[2, 3, 1, 4]"
Kzmhdo,"[2, 1, 4, 3]"
1DpcN5,"[4, 1, 2, 3]"
bhBfxb,"[1, 4, 3, 2]"
3giy4g,"[3, 2, 1, 4]"
Sdgaeb,"[4, 1, 2, 3]"
ntrW0Z,"[2, 3, 4, 1]"
sGGVcz,"[4, 1, 2, 3]"
ZsczAy,"[3, 4, 1, 2]"
c3QwtD,"[1, 3, 2, 4]"
JyfNX8,"[4, 3, 1, 2]"
G70Mzy,"[3, 1, 2, 4]"
beKLXF,"[2, 1, 4, 3]"
CH8Auq,"[1, 4, 3, 2]"
SaJHrc,"[4, 1, 2, 3]"
Z4rmwI,"[2, 4, 3, 1]"
J7bgl2,"[1, 2, 4, 3]"
9UQF4d,"[4, 3, 2, 1]"
PcaB5M,"[4, 2, 1, 3]"
8vtk8F,"[3, 1, 2, 4]"
ncshcV,"[3, 2, 4, 1]"
Pkgep8,"[4, 1, 3, 2]"
m2Iqg1,"[1, 3, 2, 4]"
8bEfGU,"[4, 2, 1, 3]"
4pEcVH,"[2, 3, 1, 4]"
ZFxQBw,"[4, 1, 2, 3]"
eCimUi,"[4, 3, 2, 1]"
QECFyR,"[1, 3, 4, 2]"
a9r5MN,"[3, 1, 4, 2]"
5hHsa0,"[4, 2, 3, 1]"
ucfZqi,"[4, 1, 3, 2]"
Y5LL3o,"[3, 1, 4, 2]"
YIF1fi,"[4, 2, 3, 1]"
x7qL3f,"[2, 4, 1, 3]"
hxs7rI,"[2, 4, 1, 3]"
TwVBpy,"[1, 2, 4, 3]"
djjHEQ,"[4, 1, 2, 3]"
az6KZ3,"[2, 3, 4, 1]"
8Xgs8M,"[1, 3, 2, 4]"
MInwtg,"[1, 3, 4, 2]"
rDphjj,"[3, 1, 2, 4]"
XBzKzH,"[3, 2, 1, 4]"
rjAFC8,"[2, 3, 1, 4]"
Rt6cwg,"[3, 4, 2, 1]"
0vD2mc,"[4, 3, 1, 2]"
kT5Jy8,"[2, 3, 4, 1]"
pZLnKL,"[4, 3, 2, 1]"
7xPdtO,"[1, 4, 3, 2]"
q29A35,"[3, 1, 2, 4]"
lXcuqN,"[2, 1, 3, 4]"
kLcjLe,"[3, 2, 4, 1]"
o9t453,"[4, 2, 3, 1]"
Cc3hqC,"[2, 3, 1, 4]"
646LKK,"[1, 4, 2, 3]"
0bL0uv,"[2, 4, 1, 3]"
y2RAI8,"[4, 2, 3, 1]"
PQ7NPE,"[4, 3, 2, 1]"
P0GsWK,"[1, 3, 4, 2]"
aK2PKW,"[3, 1, 2, 4]"
6ISCUd,"[4, 1, 2, 3]"
23mLli,"[2, 3, 4, 1]"
PHr6EL,"[2, 1, 4, 3]"
5I9GW7,"[1, 4, 2, 3]"
6Tiifw,"[2, 3, 4, 1]"
W8YO3n,"[2, 1, 4, 3]"
gDGoeO,"[2, 3, 4, 1]"
tISnNm,"[1, 3, 2, 4]"
7qvSXt,"[4, 1, 2, 3]"
o1MynS,"[4, 3, 1, 2]"
e02HGe,"[4, 2, 3, 1]"
fu1XH8,"[2, 3, 1, 4]"
kF8VjS,"[4, 2, 1, 3]"
MPEoDF,"[3, 2, 1, 4]"
4v1W9B,"[3, 1, 2, 4]"
9omhEk,"[1, 3, 2, 4]"
a94blB,"[2, 3, 4, 1]"
Mzqkaf,"[4, 2, 1, 3]"
IqltYx,"[2, 3, 1, 4]"
j94TQ6,"[1, 3, 2, 4]"
ZCdMz1,"[3, 2, 4, 1]"
3JujAw,"[3, 2, 1, 4]"
tMfEmp,"[1, 3, 4, 2]"
VhL5Rz,"[1, 4, 3, 2]"
e6vLcO,"[4, 1, 3, 2]"
2dAsEN,"[4, 3, 2, 1]"
qUglnN,"[1, 2, 4, 3]"
5LNZOi,"[1, 3, 4, 2]"
yK3yDt,"[1, 3, 2, 4]"
zMkfAB,"[2, 1, 3, 4]"
HjoUIE,"[4, 2, 3, 1]"
XAGvhn,"[2, 1, 3, 4]"
DwDuC5,"[4, 2, 1, 3]"
4QnQwv,"[2, 4, 1, 3]"
IsYUNr,"[4, 1, 3, 2]"
TcU0s2,"[1, 3, 4, 2]"
NDsdsA,"[3, 1, 4, 2]"
wxicbs,"[4, 2, 3, 1]"
HApt0a,"[3, 2, 4, 1]"
eJGOuK,"[2, 1, 3, 4]"
Mybjsr,"[4, 2, 3, 1]"
cQjcp6,"[4, 3, 2, 1]"
qWFU9V,"[3, 4, 1, 2]"
lbgewI,"[2, 3, 1, 4]"
FQElBr,"[1, 2, 4, 3]"
iPHmMY,"[1, 4, 2, 3]"
mKZl7m,"[1, 2, 4, 3]"
J7bCpm,"[1, 3, 4, 2]"
F7Ddd7,"[4, 3, 2, 1]"
M5fwwg,"[3, 4, 2, 1]"
wK1e9B,"[4, 1, 2, 3]"
jtVqZO,"[4, 1, 2, 3]"
0xGuYd,"[1, 4, 2, 3]"
JiRqol,"[4, 1, 3, 2]"
c0OZPu,"[4, 3, 1, 2]"
9XBCVh,"[3, 1, 4, 2]"
XHXSAX,"[1, 4, 2, 3]"
x7RoJh,"[1, 2, 4, 3]"
RagSVy,"[3, 2, 4, 1]"
BcgNjo,"[2, 3, 4, 1]"
rqxynb,"[2, 3, 1, 4]"
DlWpxE,"[2, 4, 1, 3]"
wyEJ3l,"[4, 2, 1, 3]"
iGVLqN,"[3, 4, 2, 1]"
2vsfof,"[4, 1, 3, 2]"
lKGJMB,"[3, 2, 4, 1]"
ZPRAi4,"[2, 1, 3, 4]"
2G6Bmh,"[3, 4, 1, 2]"
5f094h,"[1, 3, 4, 2]"
ZTgRce,"[1, 2, 4, 3]"
dUGoOh,"[2, 4, 3, 1]"
TOy372,"[2, 4, 3, 1]"
65OzKl,"[3, 1, 4, 2]"
doCtX6,"[4, 3, 1, 2]"
yb9NII,"[3, 4, 1, 2]"
7FtMFJ,"[2, 4, 3, 1]"
mdj5kv,"[4, 2, 3, 1]"
txrN4v,"[2, 3, 1, 4]"
AN8ldb,"[4, 1, 2, 3]"
UlKPQr,"[3, 4, 2, 1]"
XABcP9,"[4, 2, 1, 3]"
doGmil,"[4, 3, 2, 1]"
tIc3rf,"[2, 1, 4, 3]"
2slNZB,"[4, 3, 2, 1]"
MkVe8k,"[4, 1, 3, 2]"
NZGVcy,"[2, 4, 3, 1]"
ZkZcuL,"[4, 1, 2, 3]"
MHmoRZ,"[3, 2, 4, 1]"
KC7B9O,"[2, 1, 3, 4]"
CzAQDw,"[2, 4, 3, 1]"
wpWgJC,"[2, 1, 3, 4]"
2zWKa6,"[1, 4, 2, 3]"
w4dbOW,"[4, 3, 2, 1]"
0jl7nO,"[3, 1, 2, 4]"
H1phIU,"[1, 2, 3, 4]"
XaZUZY,"[1, 2, 3, 4]"
hzsUv1,"[4, 1, 2, 3]"
qFlgOt,"[3, 4, 1, 2]"
NkMj3t,"[2, 4, 3, 1]"
zsJWpm,"[2, 4, 3, 1]"
dGdcFe,"[1, 3, 4, 2]"
c71Uch,"[2, 1, 3, 4]"
siZhmn,"[4, 1, 3, 2]"
Ru3FNg,"[3, 1, 4, 2]"
G6n01m,"[4, 3, 2, 1]"
VuyL8j,"[2, 3, 4, 1]"
AvyNTq,"[3, 1, 4, 2]"
4x7Mg9,"[2, 4, 3, 1]"
ztfQoL,"[4, 3, 2, 1]"
4A0AxZ,"[3, 2, 1, 4]"
L6emIA,"[1, 4, 2, 3]"
F7EYOI,"[2, 4, 3, 1]"
4x8keY,"[3, 4, 2, 1]"
y2IdZO,"[4, 1, 2, 3]"
zPNSKW,"[4, 1, 3, 2]"
GDFjPd,"[3, 1, 2, 4]"
jtj3Qi,"[3, 2, 1, 4]"
XZvneY,"[4, 2, 1, 3]"
Ye9eU3,"[1, 3, 4, 2]"
ET4chI,"[1, 4, 2, 3]"
qW4SUI,"[2, 1, 4, 3]"
SokI50,"[3, 4, 2, 1]"
r7FeVn,"[3, 2, 4, 1]"
AfIbLd,"[4, 1, 2, 3]"
Fc0O5i,"[1, 3, 4, 2]"
yg5f5w,"[2, 1, 3, 4]"
6SwU8l,"[4, 1, 2, 3]"
zKUwmQ,"[1, 4, 3, 2]"
4sPoSq,"[3, 1, 2, 4]"
xc5dI6,"[2, 3, 1, 4]"
Eprltc,"[2, 3, 1, 4]"
ksEdcp,"[2, 3, 1, 4]"
cMVR1R,"[1, 4, 3, 2]"
Gn9vtD,"[2, 3, 1, 4]"
